h,chi,s_max,C_max,s_limit,C_limit,relative_C_error
0.009,0.0,2.9255482795083796,0.32080254985995965,3.0,0.3247595264191645,0.01218432790204782
0.009,0.02,2.8685838235316807,0.3240613805989192,2.9414811457132175,0.3279501164795779,0.011857705441311706
0.009,0.04,2.814398836281881,0.32720486486190736,2.8858503034171705,0.3310261436268721,0.011543737068912652
0.009,0.06,2.762891650047546,0.3302322980805554,2.8329985224215704,0.3339870837379392,0.011242307981975785
0.009,0.08,2.7139632823001274,0.3331433883851829,2.782819988451182,0.33683281214329663,0.010953278971361446
0.009,0.1,2.6675173085439914,0.3359382462540796,2.735211842429309,0.3395635925950701,0.010676487173681526
0.009,0.12,2.62345964739133,0.3386173710047386,2.6900740147752176,0.3421800632449167,0.010411746980209302
0.009,0.14,2.581698260209049,0.341181634348936,2.6473090759011937,0.34468321985491124,0.010158851096520372
0.009,0.16,2.5421436094539946,0.34363226127628355,2.606822103448028,0.347074396504299,0.009917571744514464
0.009,0.18,2.5047078360527273,0.3459708085681998,2.5685205666104336,0.3493552440895773,0.009687661996307995
0.009,0.2,2.46930523585497,0.34819914127518425,2.532314227680362,0.35152770694371177,0.009468857227406313
0.009,0.22,2.43585203145318,0.350319407514042,2.498115060682838,0.3535939979216741,0.00926087667460207
0.009,0.24,2.404266176759921,0.3523340119576935,2.4658371867043543,0.35555657231337384,0.009063425082296406
0.009,0.26,2.374467535170027,0.3542455883980872,2.4353968252285987,0.3574181009511553,0.008876194419436101
0.009,0.28,2.3463780616720395,0.3560569717624109,2.4067122605099875,0.3591814428772864,0.008698865648086862
0.009,0.3,2.3199210275789555,0.35777116995446645,2.3797038217445823,0.3608496179274907,0.00853111052383837
0.009,0.32,2.2950219801565224,0.35939133587717437,2.3542938755527114,0.36242577957003574,0.008372593407845574
0.009,0.34,2.271608036914939,0.36092073996941865,2.3304068290792364,0.3639131883168844,0.008222973070324713
0.009,0.36,2.2496084669558685,0.36236274356172404,2.3079691418555583,0.3653151859948373,0.008081904465791934
0.009,0.38,2.2289541581348304,0.363720773321673,2.286909344459292,0.36663517113151267,0.007949040461244339
0.009,0.4,2.2095779754912317,0.36499829702271763,2.267158061957531,0.3678765756745755,0.007824033499768124
0.009,0.42,2.191415026291524,0.3661988008303814,2.248648040129095,0.36904284322408243,0.007706537183744033
0.009,0.44,2.174402002321563,0.3673257682590607,2.2313141725283403,0.37013740891834923,0.007596207763773344
0.009,0.46,2.158478130830736,0.36838266091192634,2.215093526573474,0.3711636810745567,0.007492705521669141
0.009,0.48,2.143584088774718,0.36937290107693815,2.199925367008736,0.3721250246474356,0.007395696038192789
0.009,0.5,2.129663300443881,0.37029985621466494,2.1857511752934666,0.3730247465337424,0.007304851338679197
0.009,0.52,2.1166608779336915,0.37116682533929385,2.1725146637018007,0.3738660827176098,0.007219850912110526
0.009,0.54,2.104524250140006,0.3719770272635072,2.1601617831639635,0.37465218722279053,0.007140382601563577
0.009,0.56,2.093202789160689,0.37273359065124967,2.1486407241334247,0.37538612281272044,0.007066143366184385
0.009,0.58,2.082648406557099,0.3734395458000347,2.1379019100138135,0.3760708533583809,0.006996839916861841
0.009,0.6,2.072814787219938,0.37409781805640746,2.127897982917,0.3767092377772072,0.006932189229572838
0.009,0.62,2.063657740696582,0.3747112227544131,2.1185837817421582,0.3773040254336431,0.006871918941893207
0.009,0.64,2.0551353912710026,0.3752824615571794,2.1099163127596148,0.3778578528831688,0.006815767639440029
0.009,0.66,2.047207715363938,0.3758141200757138,2.1018547130493923,0.37837324183639576,0.006763485039960826
0.009,0.68,2.039836788495992,0.3763086666363233,2.0943602072805865,0.3788525982177554,0.006714832083505873
0.009,0.7000000000000001,2.0329866935190104,0.3767684520682818,2.087396058423817,0.37929821219397775,0.0066695809375505455
0.009,0.72,2.0266234656501876,0.3771957103860158,2.080927513065701,0.3797122590505147,0.006627514926148659
0.009,0.74,2.020714823134414,0.3775925602447225,2.07492174204366,0.3800968007988886,0.006588428392195533
0.009,0.76,2.0152305072145045,0.37796100705452285,2.0693477771438977,0.3804537884042035,0.006552126501713995
0.009,0.78,2.0101419003094145,0.3783029456455943,2.0641764446082607,0.3807850645293692,0.006518424998739669
0.009,0.8,2.0054220876050795,0.37862016338484633,2.0593802961803185,0.38109236670060526,0.006487149918962154
0.009,0.8200000000000001,2.001045768657591,0.3789143436532871,2.054933538390703,0.3813773308072082,0.006458137269742981
0.009,0.84,1.9969891676809637,0.37918706960199905,2.0508119607399866,0.38164149485712534,0.006431232683555943
0.009,0.86,1.9932300870725377,0.37943982811337695,2.04699286338713,0.38188630291836434,0.00640629105126711
0.009,0.88,1.9897475530814561,0.37967401390279104,2.0434549848956953,0.38211310918451874,0.006383176141046443
0.009,0.9,1.9865220532926213,0.3798909337039937,2.0401784305309727,0.38232318211056365,0.006361760208060341
0.009,0.92,1.9835353274296812,0.38009181048927804,2.03714460154102,0.3825177085724898,0.006341923599471833
0.009,0.9400000000000001,1.9807702957352562,0.380277787682551,2.034336125795039,0.38269779801122583,0.006323554358689698
0.009,0.96,1.9782111667754818,0.38044993333006527,2.0317367900948717,0.3828644865276154,0.006306547832234055
0.009,0.98,1.975842879747336,0.38060924419953546,2.029331474420709,0.3830187409009468,0.006290806282072903
0.009,1.0,1.9736516639888633,0.38075664978375107,2.0271060883210668,0.3831614625086854,0.006276238505796505
0.009,1.02,1.9716245392172396,0.380893016189597,2.025047509610221,0.38329349112964095,0.0062627594665625175
0.009,1.04,1.9697497252609855,0.3810191498976295,2.0231435254938326,0.3834156086168412,0.006250289934353059
0.009,1.06,1.9680157612180618,0.38113580138106534,2.0213827762055407,0.3835285424299133,0.006238756139734236
0.009,1.08,1.9664125292012986,0.38124366857625186,2.019754701203839,0.3836329690198241,0.00622808944100095
0.009,1.1,1.964930188247852,0.381343400199448,2.018249487949395,0.38372951706145014,0.006218226005324512
0.009,1.12,1.9635597733999783,0.3814355989070898,2.0168580232579187,0.3838187705316664,0.00620910650428963
0.009,1.1400000000000001,1.962293078662646,0.3815208242986871,2.0155718472024913,0.38390127163250304,0.006200675824003632
0.009,1.16,1.961122340416039,0.3815995957631382,2.0143831095215523,0.3839775235604687,0.006192882789807563
0.009,1.18,1.9600404003925576,0.38167239517059387,2.0132845284742675,0.38404799312439714,0.0061856799054637035
0.009,1.2,1.9590404724316068,0.3817396694130877,2.0122693520733796,0.3841131132151916,0.006179023106597903
0.009,1.22,1.9581166467891498,0.38180183279800917,2.011331321616577,0.38417328513164206,0.006172871528066559
0.009,1.24,1.9572630193479468,0.38185926929916025,2.0104646374306014,0.38422888076710277,0.006167187284859099
0.009,1.26,1.9564743291457931,0.38191233467063185,2.0096639267374408,0.384280244662275,0.006161935266082219
0.009,1.28,1.9557456716617574,0.3819613584290891,2.008924213548777,0.3843276959296563,0.006157082941533054
0.009,1.3,1.9550726862497334,0.38200664571028875,2.0082408904930817,0.38437153005542574,0.006152600180341028
0.009,1.32,1.9544509353970585,0.38204847900577776,2.0076096924792344,0.3844120205846395,0.0061484590811368145
0.009,1.34,1.9538766737540294,0.38208711978577437,2.0070266721009675,0.38444942069564453,0.0061446338131961875
0.009,1.36,1.9533461866803932,0.3821228100142069,2.0064881766877427,0.38448396466958173,0.006141100468010308
0.009,1.3800000000000001,1.9528562825919653,0.3821557735618086,2.0059908269096054,0.3845158692607615,0.006137836920723783
0.009,1.4000000000000001,1.9524039136386415,0.38218621752304477,2.0055314968460456,0.38454533497356846,0.006134822700906928
0.009,1.42,1.9519860059047403,0.3822143334424909,2.0051072954317792,0.38457254725138856,0.006132038872125101
0.009,1.44,1.9516001151263855,0.38224029845609436,2.004715549195559,0.38459767758286617,0.006129467919794962
0.009,1.46,1.9512437375100105,0.38226427635255433,2.004353786211531,0.3846208845305971,0.006127093646822845
0.009,1.48,1.9509146613992043,0.3822864185598297,2.004019721186223,0.38464231468714505,0.006124901076553613
0.009,1.5,1.9506107419550136,0.3823068650615664,2.0037112416078635,0.38466210356304753,0.006122876362566032
0.009,1.52,1.9503301669724602,0.3823257452479995,2.0034263948884172,0.384680376411247,0.006121006704876142
0.009,1.54,1.9500711347811417,0.3823431787056559,2.0031633764323726,0.3846972489921575,0.006119280272133265
0.009,1.56,1.9498318408663222,0.3823592759499523,2.0029205185699093,0.38471282828334863,0.006117686129413102
0.009,1.58,1.9496109844070464,0.3823741391045557,2.0026962802956296,0.3847272131376065,0.006116214171231982
0.009,1.6,1.9494070086450777,0.382387862531151,2.0024892377574544,0.384740494892914,0.006114855059428659
0.009,1.62,1.9492187142621225,0.38240053341304514,2.0022980754436146,0.38475275793768116,0.006113600165582156
0.009,1.6400000000000001,1.9490448464216605,0.3824122322958294,2.0021215780188752,0.3847640802343534,0.006112441517647671
0.009,1.6600000000000001,1.9488842991942512,0.38242303358811897,2.0019586227641883,0.38477453380433146,0.00611137175052312
0.009,1.68,1.9487361167047734,0.3824330060252011,2.001808172576903,0.38478418517694707,0.006110384060261653
0.009,1.7,1.9485993227720566,0.382442213098236,2.0016692694914497,0.3847930958050632,0.006109472161678675
0.009,1.72,1.9484729039324442,0.38245071345148574,2.001541028683061,0.38480132244969795,0.006108630249106017
0.009,1.74,1.9483562898466147,0.38245856124987626,2.001422632919599,0.3848089175359105,0.006107852960073101
0.009,1.76,1.94824859184218,0.3824658065190488,2.0013133274289197,0.38481592948203597,0.006107135341695491
0.009,1.78,1.9481491620871136,0.38247249545990336,2.0012124151514366,0.38482240300421533,0.0061064728195833196
0.009,1.8,1.9480574048246935,0.38247867073950353,2.001119252349654,0.3848283793980299,0.0061058611690798514
0.009,1.82,1.9479727636319482,0.3824843717600795,2.001033244548391,0.3848338967989241,0.006105296488662093
0.009,1.84,1.9478944946076024,0.38248963490774546,2.000953842781282,0.38483899042298364,0.0061047751753426915
0.009,1.86,1.947822282343731,0.38249449378243255,2.0008805401208667,0.3848436927895234,0.006104293901928792
0.009,1.8800000000000001,1.9477555979990668,0.38249897941043204,2.0008128684711926,0.3848480339268369,0.006103849595997857
0.009,1.9000000000000001,1.9476940927452207,0.382503120440843,2.0007503956033803,0.38485204156235975,0.006103439420461321
0.009,1.92,1.9476372772962651,0.3825069433271267,2.000692722416,0.38485574129841316,0.006103060755601963
0.009,1.94,1.9475848076843385,0.3825104724948805,2.0006394804034353,0.3848591567746064,0.006102711182473963
0.009,1.96,1.947536406772542,0.38251373049686566,2.0005903293166316,0.3848623098178976,0.006102388467561837
0.009,1.98,1.9474917071597233,0.38251673815624604,2.0005449550017653,0.38486522058124084,0.006102090548603001
0.009,2.0,1.947450403951223,0.38251951469892526,2.0005030674034474,0.3848679076716798,0.00610181552149025
0.005,0.0,2.9584623767265383,0.32254719926253306,3.0,0.3247595264191645,0.0068122009568889474
0.005,0.02,2.9008040677336444,0.3257758163446641,2.9414811457132175,0.3279501164795779,0.0066299721380009835
0.005,0.04,2.8459736087253455,0.3288894236922007,2.8858503034171705,0.3310261436268721,0.006454837407283143
0.005,0.06,2.793866112520551,0.33188739765732206,2.8329985224215704,0.3339870837379392,0.006286728388169238
0.005,0.08,2.7443795348134348,0.33476952140514965,2.782819988451182,0.33683281214329663,0.00612556337673309
0.005,0.1,2.6974145929456603,0.33753597425361626,2.735211842429309,0.3395635925950701,0.005971247759390286
0.005,0.12,2.6528744751073505,0.34018731793058654,2.6900740147752176,0.3421800632449167,0.005823674516372446
0.005,0.14,2.610664898318201,0.3427244799706666,2.6473090759011937,0.34468321985491124,0.005682724807633988
0.005,0.16,2.5706937597631456,0.34514873451559164,2.606822103448028,0.347074396504299,0.005548268636645148
0.005,0.18,2.5328711998872544,0.34746168081815004,2.5685205666104336,0.3493552440895773,0.00542016558635583
0.005,0.2,2.497109506237848,0.349665219779377,2.532314227680362,0.35152770694371177,0.005298265620447995
0.005,0.22,2.463322911888723,0.3517615288714373,2.498115060682838,0.3535939979216741,0.005182409941932198
0.005,0.24,2.4314278012906163,0.35375303581366135,2.4658371867043543,0.35555657231337384,0.005072431900156049
0.005,0.26,2.401342280864314,0.35564239137627596,2.4353968252285987,0.3574181009511553,0.004968157936472206
0.005,0.28,2.3729866911051785,0.35743244168541183,2.4067122605099875,0.3591814428772864,0.004869408558147992
0.005,0.3,2.346283095985502,0.35912620039416715,2.3797038217445823,0.3608496179274907,0.004775999329642788
0.005,0.32,2.3211555334418987,0.36072682106832404,2.3542938755527114,0.36242577957003574,0.004687741870148643
0.005,0.34,2.2975299465054753,0.36223757011244095,2.3304068290792364,0.3639131883168844,0.004604444846292188
0.005,0.36,2.275334318284064,0.3636618005333939,2.3079691418555583,0.3653151859948373,0.004525914949144116
0.005,0.38,2.2544985470564307,0.365002926805076,2.286909344459292,0.36663517113151267,0.004451957845176713
0.005,0.4,2.234954487393889,0.3662644010610804,2.267158061957531,0.3678765756745755,0.0043823790915169525
0.005,0.42,2.2166361499679064,0.36744969080303175,2.248648040129095,0.36904284322408243,0.0043169850067605875
0.005,0.44,2.199479472531939,0.3685622582720376,2.2313141725283403,0.37013740891834923,0.004255583489695569
0.005,0.46,2.1834225503603926,0.369605541590704,2.215093526573474,0.3711636810745567,0.004197984779495956
0.005,0.48,2.1684057852578307,0.3705829377443911,2.199925367008736,0.3721250246474356,0.004144002152248416
0.005,0.5,2.1543714212037797,0.3714977874338244,2.1857511752934666,0.3730247465337424,0.004093452550017029
0.005,0.52,2.1412640585585687,0.37235336179761547,2.1725146637018007,0.3738660827176098,0.004046157140007112
0.005,0.54,2.1290304271334626,0.37315285097328144,2.1601617831639635,0.37465218722279053,0.004001941802671216
0.005,0.56,2.1176196046030182,0.37389935443938843,2.1486407241334247,0.37538612281272044,0.0039606375488572265
0.005,0.58,2.1069825025702014,0.3745958730597138,2.1379019100138135,0.3760708533583809,0.003922080867196365
0.005,0.6,2.0970724664174103,0.375245302732871,2.127897982917,0.3767092377772072,0.0038861140039311293
0.005,0.62,2.0878449341544854,0.37585042953757036,2.1185837817421582,0.3773040254336431,0.0038525851782315046
0.005,0.64,2.079257435211935,0.37641392625438785,2.1099163127596148,0.3778578528831688,0.0038213487367362298
0.005,0.66,2.0712696828050374,0.37693835013924537,2.1018547130493923,0.37837324183639576,0.00379226525159726
0.005,0.68,2.063843260618484,0.3774261418214004,2.0943602072805865,0.3788525982177554,0.0037652015666924665
0.005,0.7000000000000001,2.05694200145867,0.37787962519915597,2.087396058423817,0.37929821219397775,0.0037400307969189805
0.005,0.72,2.0505315104986988,0.3783010082092951,2.080927513065701,0.3797122590505147,0.003716632285585164
0.005,0.74,2.0445792230755546,0.37869238435096203,2.07492174204366,0.3800968007988886,0.0036948915249345182
0.005,0.76,2.0390546474131215,0.3790557348509378,2.0693477771438977,0.3804537884042035,0.0036747000447275857
0.005,0.78,2.0339289280200377,0.37939293136458435,2.0641764446082607,0.3807850645293692,0.003655955273627831
0.005,0.8,2.0291748255630737,0.3797057391148061,2.0593802961803185,0.38109236670060526,0.003638560377905775
0.005,0.8200000000000001,2.0247668197453828,0.37999582037988683,2.054933538390703,0.3813773308072082,0.0036224240816761233
0.005,0.84,2.0206810154238806,0.3802647382497386,2.0508119607399866,0.38164149485712534,0.0036074604725624404
0.005,0.86,2.0168949865299215,0.3805139605787207,2.04699286338713,0.38188630291836434,0.003593588796341307
0.005,0.88,2.013387580675637,0.3807448640715836,2.0434549848956953,0.38211310918451874,0.003580733243764289
0.005,0.9,2.0101391014164793,0.3809587384471214,2.0401784305309727,0.38232318211056365,0.0035688227324066624
0.005,0.92,2.0071312573507227,0.3811567906316845,2.03714460154102,0.3825177085724898,0.003557790686041895
0.005,0.9400000000000001,2.004346719834212,0.3813401489417357,2.034336125795039,0.38269779801122583,0.0035475748137184793
0.005,0.96,2.00176943143815,0.3815098672210972,2.0317367900948717,0.3828644865276154,0.0035381168904013993
0.005,0.98,1.9993844802640335,0.381666928904406,2.029331474420709,0.3830187409009468,0.0035293625407493145
0.005,1.0,1.9971779488947707,0.38181225098357774,2.0271060883210668,0.3831614625086854,0.003521261027332745
0.005,1.02,1.9951366642381108,0.3819466878587776,2.025047509610221,0.38329349112964095,0.003513765044363404
0.005,1.04,1.9932487567195856,0.38207103505955287,2.0231435254938326,0.3834156086168412,0.0035068305177737846
0.005,1.06,1.9915028069703267,0.38218603282540187,2.0213827762055407,0.3835285424299133,0.003500416412311136
0.005,1.08,1.9898883611404685,0.3822923695382023,2.019754701203839,0.3836329690198241,0.0034944845461196694
0.005,1.1,1.988395662554764,0.3823906850016116,2.018249487949395,0.38372951706145014,0.003488999413157279
0.005,1.12,1.987015929955257,0.38248157356484724,2.0168580232579187,0.3838187705316664,0.003483928013647941
0.005,1.1400000000000001,1.9857404731286281,0.3825655870901715,2.0155718472024913,0.38390127163250304,0.003479239692673164
0.005,1.16,1.9845615931141132,0.3826432377650094,2.0143831095215523,0.3839775235604687,0.0034749059869103593
0.005,1.18,1.983472142417027,0.3827150007609308,2.0132845284742675,0.38404799312439714,0.003470900479447536
0.005,1.2,1.9824653924714595,0.38278131674278637,2.0122693520733796,0.3841131132151916,0.0034671986625437468
0.005,1.22,1.9815351390302651,0.38284259423211764,2.011331321616577,0.38417328513164206,0.0034637778081535453
0.005,1.24,1.980675572442892,0.38289921182960235,2.0104646374306014,0.38422888076710277,0.003460616845994968
0.005,1.26,1.9798815308638211,0.3829515203017786,2.0096639267374408,0.384280244662275,0.0034576962489033525
0.005,1.28,1.9791478678416172,0.38299984453762315,2.008924213548777,0.3843276959296563,0.003454997925198211
0.005,1.3,1.9784701882578268,0.38304448538078256,2.0082408904930817,0.38437153005542574,0.003452505117774507
0.005,1.32,1.97784421917239,0.3830857213433773,2.0076096924792344,0.3844120205846395,0.003450202309608019
0.005,1.34,1.9772660017680939,0.38312381020733444,2.0070266721009675,0.38444942069564453,0.0034480751353752614
0.005,1.36,1.9767319958126925,0.38315899051918134,2.0064881766877427,0.38448396466958173,0.0034461102988756487
0.005,1.3800000000000001,1.976238734780583,0.38319148298414646,2.0059908269096054,0.3845158692607615,0.0034442954959470473
0.005,1.4000000000000001,1.9757831141319329,0.38322149176529063,2.0055314968460456,0.38454533497356846,0.003442619342577169
0.005,1.42,1.9753624336029891,0.38324920569323173,2.0051072954317792,0.38457254725138856,0.0034410713079106037
0.005,1.44,1.9749739682641363,0.3832747993918407,2.004715549195559,0.38459767758286617,0.0034396416518672757
0.005,1.46,1.9746151182221288,0.3832984343250858,2.004353786211531,0.3846208845305971,0.003438321367091768
0.005,1.48,1.9742837779520364,0.3833202597699802,2.004019721186223,0.38464231468714505,0.0034371021249707256
0.005,1.5,1.9739778712961804,0.38334041372036987,2.0037112416078635,0.38466210356304753,0.003435976225458992
0.005,1.52,1.9736953827419654,0.383359023726063,2.0034263948884172,0.384680376411247,0.0034349365504712237
0.005,1.54,1.9734345027419848,0.3833762076715759,2.0031633764323726,0.3846972489921575,0.003433976520608173
0.005,1.56,1.9731936768703175,0.38339207449854,2.0029205185699093,0.38471282828334863,0.003433090054995147
0.005,1.58,1.9729712378126385,0.3834067248755887,2.0026962802956296,0.3847272131376065,0.0034322715340271426
0.005,1.6,1.972765892813097,0.38342025181932426,2.0024892377574544,0.384740494892914,0.0034315157648201478
0.005,1.62,1.9725763371888743,0.38343274126974963,2.0022980754436146,0.38475275793768116,0.0034308179491863156
0.005,1.6400000000000001,1.972401246388844,0.3834442726233454,2.0021215780188752,0.3847640802343534,0.0034301736539547045
0.005,1.6600000000000001,1.972239586550032,0.3834549192267727,2.0019586227641883,0.38477453380433146,0.0034295787834800473
0.005,1.68,1.972090408520408,0.38346474883399523,2.001808172576903,0.38478418517694707,0.003429029554177454
0.005,1.7,1.9719526188219607,0.38347382402943025,2.0016692694914497,0.3847930958050632,0.0034285224709470485
0.005,1.72,1.971825492144413,0.38348220261957083,2.001541028683061,0.38480132244969795,0.0034280543053475387
0.005,1.74,1.9717080656742259,0.3834899379953543,2.001422632919599,0.3848089175359105,0.0034276220753982622
0.005,1.76,1.9715995955565897,0.38349707946740214,2.0013133274289197,0.38481592948203597,0.0034272230268871384
0.005,1.78,1.971499486145737,0.38350367257610884,2.0012124151514366,0.38482240300421533,0.0034268546160812763
0.005,1.8,1.9714071486451403,0.3835097593784236,2.001119252349654,0.3848283793980299,0.003426514493730881
0.005,1.82,1.9713218954637721,0.38351537871303637,2.001033244548391,0.3848338967989241,0.003426200490277087
0.005,1.84,1.9712431124159573,0.38352056644556365,2.000953842781282,0.38483899042298364,0.0034259106021738983
0.005,1.86,1.9711703897567965,0.38352535569521407,2.0008805401208667,0.3848436927895234,0.0034256429792403065
0.005,1.8800000000000001,1.971103322446335,0.3835297770443092,2.0008128684711926,0.3848480339268369,0.0034253959129705303
0.005,1.9000000000000001,1.9710412665599586,0.38353385873193635,2.0007503956033803,0.38485204156235975,0.003425167825723552
0.005,1.92,1.97098408865228,0.3835376268329176,2.000692722416,0.38485574129841316,0.0034249572607349954
0.005,1.94,1.970931321846601,0.3835411054231943,2.0006394804034353,0.3848591567746064,0.003424762872886622
0.005,1.96,1.9708825529201754,0.3835443167326455,2.0005903293166316,0.3848623098178976,0.003424583420173599
0.005,1.98,1.9708374902711678,0.3835472812862839,2.0005449550017653,0.38486522058124084,0.003424417755822473
0.005,2.0,1.9707959451815997,0.3835500180347053,2.0005030674034474,0.3848679076716798,0.0034242648210064397
0.001,0.0,2.9916568811158997,0.32431424978753165,3.0,0.3247595264191645,0.0013710964433977235
0.001,0.02,2.933309544300234,0.32751246802230716,2.9414811457132175,0.3279501164795779,0.0013344970325631644
0.001,0.04,2.877838163835718,0.3305960316812177,2.8858503034171705,0.3310261436268721,0.001299329234065616
0.001,0.06,2.8251346596628166,0.33356439688131206,2.8329985224215704,0.3339870837379392,0.0012655784526051095
0.001,0.08,2.7750940278942555,0.33641742066523717,2.782819988451182,0.33683281214329663,0.0012332274739396132
0.001,0.1,2.727614086151123,0.33915535004229136,2.735211842429309,0.3395635925950701,0.0012022565483501557
0.001,0.12,2.6825951837292865,0.3417788080210051,2.6900740147752176,0.3421800632449167,0.0011726434909926642
0.001,0.14,2.6399408655205643,0.3442887768561654,2.6473090759011937,0.34468321985491124,0.0011443637984810406
0.001,0.16,2.5995565931653806,0.34668657877338677,2.606822103448028,0.347074396504299,0.001117390780819072
0.001,0.18,2.561350549380149,0.348973854469195,2.5685205666104336,0.3493552440895773,0.0010916957075489675
0.001,0.2,2.5252327924626354,0.351152539713211,2.532314227680362,0.35152770694371177,0.0010672479667751533
0.001,0.22,2.4911156797826712,0.3532248404006648,2.498115060682838,0.3535939979216741,0.0010440152354935783
0.001,0.24,2.4589140252047113,0.35519320641758456,2.4658371867043543,0.35555657231337384,0.0010219636594680503
0.001,0.26,2.428544269040149,0.3570603046872973,2.4353968252285987,0.3574181009511553,0.0010010580407253666
0.001,0.28,2.3999251750337485,0.3588289917652876,2.4067122605099875,0.3591814428772864,0.0009812620306201003
0.001,0.3,2.3729774253916,0.3605022863402033,2.3797038217445823,0.3608496179274907,0.0009625383263041076
0.001,0.32,2.3476236597436544,0.3620833419823238,2.3542938755527114,0.36242577957003574,0.0009448488684171696
0.001,0.34,2.323788555405348,0.36357542045782976,2.3304068290792364,0.3639131883168844,0.0009281550377903125
0.001,0.36,2.301399082731251,0.36498186589862125,2.3079691418555583,0.3653151859948373,0.0009124178490098611
0.001,0.38,2.280383837525818,0.3663060800842891,2.286909344459292,0.36663517113151267,0.0008975981387926435
0.001,0.4,2.260673718428354,0.3675514990563252,2.267158061957531,0.3678765756745755,0.0008836567472505497
0.001,0.42,2.242201794039058,0.3687215712459868,2.248648040129095,0.36904284322408243,0.0008705546903141625
0.001,0.44,2.224903208648696,0.3698197372576255,2.2313141725283403,0.37013740891834923,0.000858253321792124
0.001,0.46,2.208715108212373,0.37084941140993477,2.215093526573474,0.3711636810745567,0.0008467144837881468
0.001,0.48,2.1935770191062187,0.3718139650995145,2.199925367008736,0.3721250246474356,0.0008359006444562667
0.001,0.5,2.17943057224832,0.3727167120153414,2.1857511752934666,0.3730247465337424,0.0008257750223366056
0.001,0.52,2.1662196407926793,0.37356089519991464,2.1725146637018007,0.3738660827176098,0.0008163016967914771
0.001,0.54,2.1538905042064473,0.3743496759236087,2.1601617831639635,0.37465218722279053,0.0008074457043059091
0.001,0.56,2.142391343800958,0.37508612431349087,2.1486407241334247,0.37538612281272044,0.0007991731206836716
0.001,0.58,2.131672698382715,0.3757732116567691,2.1379019100138135,0.3760708533583809,0.0007914511293651838
0.001,0.6,2.12168745946616,0.37641380428214843,2.127897982917,0.3767092377772072,0.0007842480763200488
0.001,0.62,2.112390433548894,0.3770106589096156,2.1185837817421582,0.3773040254336431,0.0007775335121069649
0.001,0.64,2.103738815480181,0.37756641935028057,2.1099163127596148,0.3778578528831688,0.0007712782218617376
0.001,0.66,2.0956919100264715,0.3780836144325956,2.1018547130493923,0.37837324183639576,0.0007654542440540535
0.001,0.68,2.0882109200434775,0.37856465702913056,2.0943602072805865,0.3788525982177554,0.0007600348789461586
0.001,0.7000000000000001,2.0812592190983494,0.37901184405870303,2.087396058423817,0.37929821219397775,0.0007549946877373204
0.001,0.72,2.0748021796335228,0.37942735734159067,2.080927513065701,0.3797122590505147,0.0007503094833873902
0.001,0.74,2.068807027997048,0.3798132651903547,2.07492174204366,0.3800968007988886,0.0007459563141229975
0.001,0.76,2.063242874913497,0.3801715246250539,2.0693477771438977,0.3804537884042035,0.0007419134406141392
0.001,0.78,2.058080577711079,0.3805039841089469,2.0641764446082607,0.3807850645293692,0.0007381603077570853
0.001,0.8,2.053292721163532,0.3808123867088063,2.0593802961803185,0.38109236670060526,0.0007346775119715376
0.001,0.8200000000000001,2.0488536322003763,0.3810983735924041,2.054933538390703,0.3813773308072082,0.0007314467648448231
0.001,0.84,2.0447391498205687,0.3813634877843125,2.0508119607399866,0.38164149485712534,0.0007284508539012746
0.001,0.86,2.040926641745758,0.38160917810967493,2.04699286338713,0.38188630291836434,0.0007256736012044573
0.001,0.88,2.0373948440419167,0.38183680326388464,2.0434549848956953,0.38211310918451874,0.0007230998204269534
0.001,0.9,2.034123820001787,0.3820476359540119,2.0401784305309727,0.38232318211056365,0.0007207152729546973
0.001,0.92,2.031095110511829,0.38224286706526456,2.03714460154102,0.3825177085724898,0.0007185066235257942
0.001,0.9400000000000001,2.02829139934456,0.3824236098126809,2.034336125795039,0.38269779801122583,0.0007164613958319244
0.001,0.96,2.0256964188006976,0.3825909038445982,2.0317367900948717,0.3828644865276154,0.0007145679284554785
0.001,0.98,2.0232951413143017,0.38274571927019846,2.029331474420709,0.3830187409009468,0.0007128153314538421
0.001,1.0,2.0210735023555637,0.38288896058861316,2.0271060883210668,0.3831614625086854,0.0007111934438501777
0.001,1.02,2.019018319659804,0.38302147050167357,2.025047509610221,0.38329349112964095,0.0007096927922404239
0.001,1.04,2.0171175854351726,0.3831440335964531,2.0231435254938326,0.3834156086168412,0.0007083045506879326
0.001,1.06,2.015359763150092,0.38325737988730146,2.0213827762055407,0.3835285424299133,0.0007070205020305309
0.001,1.08,2.013734389111677,0.3833621882101337,2.019754701203839,0.3836329690198241,0.000705833000699152
0.001,1.1,2.0122316013943466,0.38345908946437607,2.018249487949395,0.38372951706145014,0.0007047349371113176
0.001,1.12,2.0108424372744813,0.38354866970019913,2.0168580232579187,0.3838187705316664,0.0007037197036849907
0.001,1.1400000000000001,2.009558342593931,0.3836314730505466,2.0155718472024913,0.38390127163250304,0.0007027811624825686
0.001,1.16,2.0083716472416264,0.3837080045090212,2.0143831095215523,0.3839775235604687,0.0007019136144958971
0.001,1.18,2.007274791330065,0.3837787325559606,2.0132845284742675,0.38404799312439714,0.0007011117705523207
0.001,1.2,2.0062613457735585,0.3838440916360624,2.0122693520733796,0.3841131132151916,0.0007003707238144585
0.001,1.22,2.0053248139370345,0.38390448449172015,2.011331321616577,0.38417328513164206,0.0006996859238398434
0.001,1.24,2.0044595924887583,0.3839602843568553,2.0104646374306014,0.38422888076710277,0.0006990531521503529
0.001,1.26,2.0036601729765624,0.38401183701648717,2.0096639267374408,0.384280244662275,0.0006984684992685786
0.001,1.28,2.0029216293003045,0.38405946273760777,2.008924213548777,0.3843276959296563,0.0006979283431544081
0.001,1.3,2.0022394649061668,0.3841034580771346,2.0082408904930817,0.38437153005542574,0.0006974293289945255
0.001,1.32,2.0016093273585462,0.3841440975728267,2.0076096924792344,0.3844120205846395,0.0006969683502752178
0.001,1.34,2.0010272709619197,0.3841816353230807,2.0070266721009675,0.38444942069564453,0.0006965425310806461
0.001,1.36,2.0004896541850323,0.38421630646148996,2.0064881766877427,0.38448396466958173,0.000696149209556185
0.001,1.3800000000000001,1.999993074257032,0.3842483285319638,2.0059908269096054,0.3845158692607615,0.0006957859224693275
0.001,1.4000000000000001,1.9995344927545253,0.38427790277007523,2.0055314968460456,0.38454533497356846,0.0006954503908144227
0.001,1.42,1.9991109822472786,0.3843052152961456,2.0051072954317792,0.38457254725138856,0.000695140506397629
0.001,1.44,1.9987198737679244,0.384330438225388,2.004715549195559,0.38459767758286617,0.0006948543193441292
0.001,1.46,1.9983587403992207,0.38435373070022827,2.004353786211531,0.3846208845305971,0.0006945900264747618
0.001,1.48,1.9980251981156114,0.3843752398497064,2.004019721186223,0.38464231468714505,0.0006943459604954461
0.001,1.5,1.997717158663564,0.3843951016806362,2.0037112416078635,0.38466210356304753,0.0006941205799535499
0.001,1.52,1.9974327748452403,0.3844134419049747,2.0034263948884172,0.384680376411247,0.0006939124599040225
0.001,1.54,1.997170255683751,0.3844303767076232,2.0031633764323726,0.3846972489921575,0.0006937202832447698
0.001,1.56,1.9969276882890488,0.38444601345865415,2.0029205185699093,0.38471282828334863,0.0006935428326760862
0.001,1.58,1.9967038664970882,0.38446045137373586,2.0026962802956296,0.3847272131376065,0.0006933789832413995
0.001,1.6,1.996497221489902,0.38447378212630806,2.0024892377574544,0.384740494892914,0.000693227695411136
0.001,1.62,1.9963063080268315,0.3844860904148518,2.0022980754436146,0.38475275793768116,0.000693088008670073
0.001,1.6400000000000001,1.9961301582725335,0.3844974544883902,2.0021215780188752,0.3847640802343534,0.0006929590355753135
0.001,1.6600000000000001,1.9959674698481606,0.38450794663316296,2.0019586227641883,0.38477453380433146,0.000692839956253688
0.001,1.68,1.995817179439804,0.3845176336232312,2.001808172576903,0.38478418517694707,0.0006927300133015013
0.001,1.7,1.9956785219450233,0.3845265771375859,2.0016692694914497,0.3847930958050632,0.0006926285070674165
0.001,1.72,1.9955505095124295,0.384534834146171,2.001541028683061,0.38480132244969795,0.0006925347912799529
0.001,1.74,1.9954323260756794,0.38454245726706443,2.001422632919599,0.3848089175359105,0.000692448269006718
0.001,1.76,1.9953232182329186,0.3845494950969137,2.0013133274289197,0.38481592948203597,0.0006923683889096255
0.001,1.78,1.99522247140522,0.38455599251657624,2.0012124151514366,0.38482240300421533,0.0006922946417861064
0.001,1.8,1.995129375864034,0.3845619909737826,2.001119252349654,0.3848283793980299,0.0006922265573656716
0.001,1.82,1.9950435785843237,0.3845675287445113,2.001033244548391,0.3848338967989241,0.0006921637013488358
0.001,1.84,1.9949642341683607,0.384572641174648,2.000953842781282,0.38483899042298364,0.0006921056726681973
0.001,1.86,1.9948910912317488,0.3845773609033881,2.0008805401208667,0.3848436927895234,0.0006920521009576852
0.001,1.8800000000000001,1.9948235700360792,0.3845817180697396,2.0008128684711926,0.3848480339268369,0.0006920026442123195
0.001,1.9000000000000001,1.9947611983515803,0.38458574050338434,2.0007503956033803,0.38485204156235975,0.0006919569866234987
0.001,1.92,1.9947035980313974,0.38458945390106636,2.000692722416,0.38485574129841316,0.0006919148365784888
0.001,1.94,1.994650401443817,0.38459288198958924,2.0006394804034353,0.3848591567746064,0.0006918759248155659
0.001,1.96,1.994601325743617,0.38459604667642877,2.0005903293166316,0.3848623098178976,0.0006918400027137173
0.001,1.98,1.9945560495283976,0.3845989681888895,2.0005449550017653,0.38486522058124084,0.0006918068407149036
0.001,2.0,1.994514250135557,0.384601665202669,2.0005030674034474,0.3848679076716798,0.0006917762268656702
